Con,Reg,AgtId,Dat,Stage,StageSub,GeWom,Del_N,NADel_N,FemDel_Bin,FemDel_N,FemDel_P,Sig_N,FemSig_N,FemSig_P,Ob_N,FemOb_N,FemOb_P,Neg_N,FemNeg_N,FemNeg_P,Med_N,FemMed_N,FemMed_P,Log_N,FemLog_N,FemLog_P,Adv_N,FemAdv_N,FemAdv_P,WomCom_N,WomCom_P,FemWomCom_N,FemWomCom_P,Unkn_N,FemUnkn_N,FemUnkn_P,WomGrpRep_N,WomGrpRep_P,FemWomGrp_P,NYT_p,NYT_p_past,GGGI,GII,GDI,WomParl,SEdu_GG,SEP_Fem,TeenPreg,UNSCR,Press_UNSC,NAP,JobEql_Cmb,LeadPol_Cmb,PolInt_Cmb,ImUN,ImOth,ImPK,ImE,state_prev_avg,ai_prev_avg,hrw_prev_avg,female_combatants_exs,GDI_lag1,GDI_lag5,GeMeNu,GeMe,GeFa,Civso,GCh,GChSubs,GAge,GOth,GSoc,PolNewInd,Cons,Ele,Pubad,EpsRes,EqGen,HrGen,HrDem,ProtCiv,ProtGrp,ProtLgl,ProtOth,HrFra,HrCp,CprLife,CprTort,CprEq,CprSlav,CprLib,CprFmov,CprFass,CprFspe,CprPriv,CprVote,HrSec,SerProp,SerWork,SerHeal,SerEdu,Wat,HrNi,JusCr,TjVic,TjRep,TjNR,Dev,LaRef
Gabon,Africa (excl MENA),8,1994-10-07,SubComp,FrAg,0,92,0,1,4,0.043478261,21,0,0,6,0,0,53,3,0.056603774,9,0,0,1,1,1,0,0,,0,0,0,,0,0,,0,0,0,2,1,,,,,,47.5,,,,,,,,0,0,0,1,NA,NA,NA,NA,,,0,0,0,1,3,1,0,0,0,0,3,2,1,0,1,1,1,0,0,0,0,0,1,0,0,0,0,1,0,1,0,0,0,0,0,0,0,0,0,0,0,0,2,0,3,0
Colombia,Americas,147,1994-05-26,SubComp,FrAg,0,18,0,0,0,0,4,0,0,1,0,0,6,0,0,0,0,,0,0,,7,0,0,0,0,0,,0,0,,0,0,,14,14,,,,,,53,12.8,,,,,,,0,0,0,1,0.02,0.05,0.06,NA,0.844,0.845,0,0,0,1,0,0,0,0,0,0,0,0,0,0,0,1,2,0,1,0,0,0,0,0,0,0,0,0,0,0,0,0,0,0,0,0,0,0,0,2,0,0,0,0,2,0
Colombia,Americas,149,1991-02-15,SubComp,FrAg,0,15,0,0,0,0,2,0,0,2,0,0,5,0,0,0,0,,0,0,,6,0,0,0,0,0,,0,0,,0,0,,28,49,,,,,,53.6,12.8,,,,,,,0,1,1,1,0.00,0.05,0.00,1,0.966,0.975,0,0,1,1,0,0,0,0,0,0,0,0,0,0,2,1,2,0,1,0,0,1,0,0,0,0,0,0,0,0,0,0,0,0,0,0,0,0,0,3,0,2,0,0,2,1
Colombia,Americas,150,1998-07-29,SubComp,FrAg,0,15,0,1,1,0.066666667,9,1,0.111111111,2,0,0,4,0,0,0,0,,0,0,,0,0,,0,0,0,,0,0,,0,0,0,29,18,,0.524,0.965,9.8,-2.7,51.8,12.8,,,,3.274365821,2.619492657,2.313375796,0,0,0,1,0.03,0.03,0.05,NA,0.943,0.968,0,0,1,1,3,1,0,0,0,0,0,0,0,0,0,1,1,0,1,0,0,0,0,0,0,0,0,0,0,0,0,0,0,0,0,0,0,0,0,3,1,0,2,0,3,0
Colombia,Americas,151,1991-05-27,SubComp,FrAg,1,21,0,0,0,0,7,0,0,0,0,,0,0,,3,0,0,0,0,,11,0,0,0,0,0,,0,0,,0,0,,28,49,,,,,,53.6,12.8,,,,,,,0,1,1,1,0.00,0.05,0.00,NA,0.716,0.679,0,0,1,1,0,0,0,0,0,0,0,0,0,0,0,0,1,0,1,0,0,0,0,0,0,0,0,0,0,0,0,0,0,0,0,0,0,0,0,1,0,0,0,0,1,0
Colombia,Americas,152,1991-01-25,SubComp,FrAg,0,11,0,0,0,0,6,0,0,0,0,,0,0,,0,0,,0,0,,5,0,0,0,0,0,,0,0,,0,0,,28,49,,,,,,53.6,12.8,,,,,,,0,0,0,1,0.00,0.05,0.00,NA,,,0,0,1,1,0,0,0,0,0,0,0,0,0,0,0,0,1,0,1,1,0,0,0,0,0,0,0,0,0,0,0,0,0,0,0,0,0,0,0,3,0,2,0,0,3,0
Colombia,Americas,163,1991-07-01,SubComp,FrCons,1,NA,NA,NA,NA,NA,NA,NA,NA,NA,NA,NA,NA,NA,NA,NA,NA,NA,NA,NA,NA,NA,NA,NA,NA,NA,NA,NA,NA,NA,NA,NA,NA,NA,28,49,,,,,,53.6,12.8,,,,,,,0,0,0,0,0.00,0.05,0.00,NA,,,0,0,1,1,3,1,0,0,2,1,3,3,3,1,1,1,3,0,1,1,1,3,1,1,1,1,1,1,1,1,0,1,1,1,1,1,1,1,1,3,1,3,1,1,1,1
Colombia,Americas,168,1990-03-09,SubComp,FrAg,0,7,0,0,0,0,4,0,0,2,0,0,0,0,,0,0,,0,0,,1,0,0,0,0,0,,0,0,,0,0,,49,22,,,,,,,12.8,,,,,,,0,1,0,1,0.00,0.07,0.00,1,,,0,0,0,1,0,0,0,0,0,0,0,1,0,0,0,0,1,0,1,0,0,0,0,0,0,0,0,0,0,0,0,0,0,0,0,0,0,0,0,0,0,0,0,1,1,0
Colombia,Americas,173,1994-04-09,SubComp,FrAg,0,7,0,0,0,0,5,0,0,1,0,0,0,0,,0,0,,0,0,,1,0,0,0,0,0,,0,0,,0,0,,14,14,,,,,,53,12.8,,,,,,,0,0,1,1,0.02,0.05,0.06,1,,,0,0,1,1,0,0,0,0,0,0,0,0,0,0,0,0,3,0,1,0,0,0,0,0,0,0,0,0,0,0,0,0,0,0,0,0,0,0,0,1,0,2,0,0,3,1
Djibouti,Africa (excl MENA),197,2000-02-07,SubComp,FrAg,0,2,0,0,0,0,2,0,0,0,0,,0,0,,0,0,,0,0,,0,0,,0,0,0,,0,0,,0,0,,15,5,,,,,,39.3,,,,,,,,0,0,0,1,0.29,0.18,NA,0,0.841,0.834,0,0,0,0,1,0,0,0,0,0,0,0,1,0,1,1,1,0,0,0,0,0,1,0,0,0,0,0,0,1,0,0,0,0,0,0,0,0,0,0,1,2,1,0,1,0
Niger/Air and Azawad,Africa (excl MENA),204,1995-04-15,SubComp,FrAg,0,5,0,0,0,0,2,0,0,0,0,,0,0,,3,0,0,0,0,,0,0,,0,0,0,,0,0,,0,0,,2,3,,0.801,0.697,1.2,-4.1,32.5,,,,,,,,0,1,1,0,0.00,0.00,NA,NA,0.86,0.855,0,0,0,1,0,0,0,0,0,0,0,1,1,1,0,0,0,0,0,0,1,1,0,0,0,0,0,0,0,0,0,0,0,0,0,0,0,0,1,0,0,2,1,1,3,0
Ecuador/Peru,Americas,212,1998-10-26,SubComp,FrAg,0,8,0,0,0,0,4,0,0,4,0,0,0,0,,0,0,,0,0,,0,0,,0,0,0,,0,0,,0,0,,6,2, ,0.5705,,7.25,-7.4,49.1,,,,,2.649050372,2.591246903,2.584589615,0,1,0,0,0.00,0.13,0.00,NA,0.852,0.842,0,0,0,0,0,0,0,0,0,0,0,0,0,0,0,0,0,0,0,0,0,0,0,0,0,0,0,0,0,0,0,0,0,0,0,0,0,0,0,0,0,0,0,0,0,0
Somalia,Africa (excl MENA),216,1993-03-27,SubComp,FrAg,1,19,4,0,0,0,15,0,0,3,0,0,0,0,,1,0,0,0,0,,0,0,,0,0,0,,0,0,,0,0,,152,53,,,,,,,,6,,,,,,0,0,1,1,0.17,0.13,0.20,0,0.852,0.852,0,0,0,1,0,0,0,0,0,0,2,1,1,0,0,0,0,0,1,1,0,1,0,0,0,0,0,0,0,0,0,0,0,0,0,0,0,0,0,0,0,0,1,1,1,1
Bangladesh/Chittagong Hill Tracts,Asia and Pacific,238,1997-12-02,SubComp,FrAg,1,2,0,0,0,0,2,0,0,0,0,,0,0,,0,0,,0,0,,0,0,,0,0,0,,0,0,,0,0,,2,4,,0.708,0.711,9.1,-12.4,32.9,,,,,3.325901639,3.237377049,3.27390791,0,0,0,1,0.00,0.10,0.00,0,0.852,0.838,0,0,1,1,2,1,0,3,0,1,0,3,0,1,0,1,0,0,0,0,0,0,0,0,0,0,0,0,0,0,0,0,0,0,0,0,0,0,1,0,1,0,2,0,3,1
Djibouti,Africa (excl MENA),245,1994-12-26,SubComp,FrAg,0,2,0,0,0,0,2,0,0,0,0,,0,0,,0,0,,0,0,,0,0,,0,0,0,,0,0,,0,0,,3,19,,,,,,42.2,,,,,,,,0,0,0,0,0.63,0.38,NA,0,,,0,0,1,1,2,1,0,0,0,0,2,1,0,1,0,0,1,0,0,0,0,0,0,0,0,0,0,0,0,0,0,0,0,0,0,0,0,0,0,0,0,0,0,1,2,0
Cambodia,Asia and Pacific,252,1991-10-23,SubComp,FrAg,1,24,23,0,0,0,5,0,0,18,0,0,0,0,,0,0,,0,0,,0,0,,0,0,0,,0,0,,0,0,,67,79,,,,,,,,2,,,,,,0,0,1,1,0.00,0.00,0.00,1,,,0,0,1,1,0,0,0,0,0,0,3,3,1,0,3,1,3,1,0,1,1,3,1,1,0,1,0,1,1,1,0,0,1,1,1,1,0,0,0,0,1,0,0,1,2,1
Guatemala,Americas,254,1996-12-29,SubComp,FrAg,1,12,0,1,1,0.083333333,10,1,0.1,1,0,0,0,0,,1,0,0,0,0,,0,0,,0,0,0,,0,0,,0,0,0,26,16,,0.59,,12.5,-2.3,46.8,,,,,,,,1,0,0,0,0.13,0.03,0.04,1,0.784,0.759,0,0,0,1,0,0,0,0,0,0,2,1,0,0,1,1,1,0,0,0,0,3,0,0,0,0,0,0,0,0,0,0,0,1,0,0,0,0,0,0,0,0,0,1,2,0
Burundi,Africa (excl MENA),306,2000-08-28,SubComp,FrAg,1,37,3,0,0,0,19,0,0,17,0,0,0,0,,1,0,0,0,0,,0,0,,0,0,0,,0,0,,1,0.027027027,NA,38,19,,0.624,0.834,14.4,-3.2,38.8,,1,,,,,,1,1,1,1,0.08,0.13,0.36,1,0.807,0.794,1,1,1,1,3,1,0,0,2,0,3,3,3,0,3,1,3,1,1,1,1,3,1,1,1,1,1,1,1,1,0,1,1,1,1,1,1,1,1,3,1,3,2,3,3,1
Papua New Guinea/Bougainville,Asia and Pacific,312,2001-08-30,SubComp,FrAg,1,22,1,1,1,0.045454545,16,1,0.0625,0,0,,0,0,,6,0,0,0,0,,0,0,,0,0,0,,0,0,,1,0.045454545,1,4,0,,0.65,0.85,1.8,-9.1,40.1,,,1,,,,,0,0,0,0,0.03,0.33,0.00,0,0.805,0.784,0,0,1,1,1,0,0,0,0,1,3,1,3,1,0,1,1,0,0,1,0,1,1,0,0,0,0,0,0,0,0,0,1,0,0,0,0,0,1,3,1,0,0,2,0,1
Nepal,Asia and Pacific,333,2006-11-21,SubComp,FrAg,1,2,0,0,0,0,2,0,0,0,0,,0,0,,0,0,,0,0,,0,0,,0,0,0,,0,0,,0,0,,132,39,0.548,0.647,0.834,6.4,-21.1,45.5,,,,0,,,,0,0,1,1,0.43,0.29,0.33,1,0.805,0.784,0,0,1,1,2,1,2,2,2,0,3,2,1,0,1,1,3,0,0,1,1,1,1,1,1,1,1,1,1,1,0,1,1,1,1,1,1,1,0,1,1,2,0,2,2,1
South Sudan/Sudan,Africa (excl MENA),337,2005-01-09,SubComp,FrAg,1,16,0,1,2,0.125,2,0,0,14,2,0.142857143,0,0,,0,0,,0,0,,0,0,,0,0,0,,0,0,,0,0,0,110,83,,0.664,0.804,13.6,-6.8,47.6,10.9,7,5,0,,,,1,1,1,1,0.26,0.13,0.16,1,0.788,0.778,1,1,1,1,3,1,3,2,3,1,3,3,3,1,3,1,3,0,1,1,1,3,1,1,1,1,1,1,1,1,0,1,1,1,1,0,0,0,1,3,1,2,2,1,1,1
Liberia,Africa (excl MENA),338,2003-08-18,SubComp,FrAg,1,36,26,1,1,0.027777778,23,0,0,12,1,0.083333333,0,0,,0,0,,1,0,0,0,0,,0,0,0,,0,0,,1,0.027777778,1,111,3,,0.687,0.775,11.1,-24.1,41.7,,5,8,,,,,1,1,1,1,0.23,0.35,0.21,1,0.808,0.788,1,1,0,1,2,1,1,0,0,0,2,3,2,1,1,1,2,0,0,0,0,1,1,1,1,0,0,1,0,1,0,0,1,0,0,0,0,0,1,3,1,2,0,3,3,1
Iraq,Middle East and North Africa,343,2005-10-15,SubComp,FrCons,1,8,8,0,0,0,0,0,,0,0,,0,0,,1,0,0,0,0,,0,0,,0,0,0,,7,0,0,2,0.25,NA,321,403,,0.664,0.742,7.6,-22.3,38.9,,3,3,0,,4.428518381,3.686774942,0,0,0,0,0.00,0.17,0.08,NA,0.781,0.753,1,1,1,1,3,1,3,0,2,1,3,1,0,1,2,1,2,1,1,0,1,3,1,1,1,0,1,1,1,1,0,1,1,1,1,1,1,1,1,1,1,1,0,0,1,1
Sudan/Darfur,Africa (excl MENA),350,2006-05-05,SubComp,FrAg,1,18,1,1,1,0.055555556,3,0,0,14,1,0.071428571,0,0,,1,0,0,0,0,,0,0,,0,0,0,,0,0,,0,0,0,235,72,,,0.804,,,48.3,10.9,8,1,0,,,,1,1,1,1,0.27,0.14,0.17,0,0.976,,1,1,1,1,3,1,3,2,0,1,3,3,3,1,3,1,3,0,1,1,1,3,1,1,1,1,1,1,1,1,0,1,1,1,1,1,1,1,1,1,1,0,3,3,3,1
Sudan/Eastern Sudan,Africa (excl MENA),373,2006-06-19,SubComp,,1,3,3,0,0,0,2,0,0,0,0,,0,0,,1,0,0,0,0,,0,0,,0,0,0,,0,0,,0,0,,287,110,,0.664,0.804,13.6,-6.8,48.3,10.9,8,,0,,,,0,0,0,1,0.27,0.14,0.17,NA,0.951,,0,0,0,1,2,1,0,0,0,1,3,1,2,1,1,1,1,0,0,1,0,1,1,0,0,1,0,0,0,0,0,0,0,1,1,0,0,1,1,1,1,0,1,1,3,1
Cambodia,Asia and Pacific,378,1991-10-23,SubComp,FrAg,0,27,14,1,1,0.037037037,5,0,0,13,0,0,6,0,0,3,1,0.333333333,0,0,,0,0,,0,0,0,,0,0,,0,0,0,67,79,,,,,,,,2,,,,,,0,0,1,0,0.00,0.00,0.00,1,0.971,0.976,0,0,0,1,0,0,0,0,0,0,2,1,0,0,0,1,0,0,0,0,0,0,0,0,0,0,0,0,0,0,0,0,0,0,0,0,0,0,0,0,0,0,0,1,1,0
Macedonia/Yugoslavia (former),Europe and Eurasia,381,2001-08-13,SubComp,FrAg,0,7,0,0,0,0,5,0,0,2,0,0,0,0,,0,0,,0,0,,0,0,,0,0,0,,0,0,,0,0,,118,6,,,,,,47.9,,2,2,,3.072985782,2.748815166,2.562977099,0,1,1,0,0.00,0.00,0.00,0,0.951,,0,0,0,1,0,0,0,0,0,0,3,2,3,1,3,1,1,1,1,1,1,2,1,0,0,0,0,0,0,1,0,0,0,0,0,0,0,0,0,2,0,0,0,0,2,0
Bosnia and Herzegovina/Yugoslavia (former),Europe and Eurasia,389,1995-11-21,SubComp,FrAg,1,18,3,1,2,0.111111111,12,1,0.083333333,5,1,0.2,0,0,,1,0,0,0,0,,0,0,,0,0,0,,0,0,,0,0,0,498,441,,,,,,,,8,,,3.021079258,3.273333333,3.212121212,0,1,1,1,0.38,0.16,0.16,1,0.951,,0,0,1,1,2,1,0,0,2,1,3,3,0,1,3,1,1,1,1,1,1,3,1,1,1,0,1,1,1,1,0,1,0,1,1,0,0,1,1,3,0,2,0,1,3,1
Mozambique,Africa (excl MENA),392,1992-10-04,SubComp,FrAg,0,19,0,1,1,0.052631579,2,0,0,13,1,0.076923077,0,0,,4,0,0,0,0,,0,0,,0,0,0,,0,0,,0,0,0,18,7,,,,,,38.4,,2,,,,,,1,1,1,1,0.17,0.00,0.00,1,0.951,,0,0,0,1,0,0,0,0,2,0,0,3,1,0,3,1,3,1,0,0,0,3,1,0,0,1,0,0,1,1,0,0,1,0,0,0,0,0,0,2,0,1,0,1,1,0
Democratic Republic of Congo,Africa (excl MENA),404,2003-04-02,SubComp,FrAg,1,47,0,1,2,0.042553191,44,2,0.045454545,2,0,0,0,0,,1,0,0,0,0,,0,0,,0,0,0,,0,0,,0,0,0,31,54,,,,,,37.7,,7,12,,,,,1,1,1,1,0.35,0.20,0.24,1,,,1,1,1,1,3,1,3,0,0,0,3,1,1,0,2,1,3,1,1,1,1,3,1,1,1,1,0,1,1,1,0,0,0,1,1,1,0,0,1,3,0,2,3,3,3,1
Kosovo/Serbia/Yugoslavia (former),Europe and Eurasia,405,1999-02-23,SubComp,FrAg,1,8,2,0,0,0,5,0,0,2,0,0,1,0,0,0,0,,0,0,,0,0,,0,0,0,,0,0,,0,0,,561,66,,,,,,49.2,,1,,,2.745,2.950833333,2.389423077,0,0,1,1,0.21,0.07,0.21,0,0.976,,0,0,0,1,0,0,0,0,0,1,3,3,1,0,3,1,3,0,1,1,1,3,1,0,0,0,0,0,0,1,0,0,1,1,1,0,0,0,1,3,1,2,1,1,3,1
South Africa,Africa (excl MENA),407,1993-11-18,SubComp,,1,NA,NA,NA,NA,NA,NA,NA,NA,NA,NA,NA,NA,NA,NA,NA,NA,NA,NA,NA,NA,NA,NA,NA,NA,NA,NA,NA,NA,NA,NA,NA,NA,NA,64,83,,,,,,54.1,,,,,3.251407129,,2.862418537,0,0,0,0,NA,NA,NA,NA,0.991,0.99,1,1,1,0,3,1,2,0,2,0,3,3,3,1,3,1,2,1,0,1,1,3,1,1,1,1,1,1,1,1,0,1,1,1,1,1,0,1,0,3,0,0,3,2,2,1
Argentina/United Kingdom,Cross-regional,423,1995-09-27,SubComp,FrAg,0,3,0,0,0,0,3,0,0,0,0,,0,0,,0,0,,0,0,,0,0,,0,0,0,,0,0,,0,0,,4,15,,0.3285,0.976,17.2,6.5,48.9,,,,,2.862405635,2.673772011,2.289883268,0,0,0,0,NA,NA,NA,NA,0.837,,0,0,0,0,0,0,0,0,0,0,0,0,0,0,0,0,0,0,0,0,1,0,0,0,0,0,0,0,0,0,0,0,0,0,0,0,0,0,0,0,0,0,0,0,0,0
Cote d'Ivoire,Africa (excl MENA),436,2003-01-23,SubComp,FrAg,1,14,3,0,0,0,10,0,0,0,0,,0,0,,2,0,0,0,0,,0,0,,0,0,0,,2,0,0,0,0,,58,7,,0.707,0.766,8,-13.8,34.9,,4,8,,,,,0,1,1,1,0.07,0.21,0.14,0,0.803,0.806,0,0,0,0,0,0,0,0,0,0,0,2,1,0,0,0,1,0,1,1,1,0,0,0,0,0,0,0,0,0,0,0,0,0,0,0,0,0,0,3,0,1,1,1,3,1
Angola,Africa (excl MENA),439,1994-11-15,SubComp,FrAg,0,8,3,0,0,0,2,0,0,3,0,0,2,0,0,1,0,0,0,0,,0,0,,0,0,0,,0,0,,0,0,,29,34,,,,,,,,6,,,,,,1,1,1,1,0.00,0.03,0.00,1,0.801,0.826,0,0,1,1,0,0,0,2,2,0,0,3,1,0,3,1,2,0,0,0,0,1,1,0,0,1,0,1,1,1,0,0,0,1,0,0,0,0,0,0,0,0,0,1,0,0
Bosnia and Herzegovina/Yugoslavia (former),Europe and Eurasia,472,1993-09-16,SubComp,FrAg,1,13,0,0,0,0,9,0,0,4,0,0,0,0,,0,0,,0,0,,0,0,,0,0,0,,0,0,,0,0,,573,231,,,,,,,,8,,,,,,0,0,1,1,0.50,0.13,0.25,1,0.804,0.798,0,0,0,1,1,0,0,0,0,0,3,2,1,1,1,1,2,0,1,1,1,3,1,0,1,0,0,0,0,0,0,0,0,1,0,0,0,0,1,3,0,0,0,1,3,1
El Salvador,Americas,474,1992-01-16,SubComp,FrAg,1,17,0,1,2,0.117647059,16,2,0.125,0,0,,0,0,,1,0,0,0,0,,0,0,,0,0,0,,0,0,,0,0,0,51,65,,,,,,51.7,,3,,,,,,1,0,1,1,0.00,0.06,0.08,1,0.802,0.799,0,0,0,1,0,0,0,0,0,0,0,2,0,1,0,1,1,1,1,0,0,0,1,0,0,0,0,0,0,1,0,0,1,1,1,0,0,0,0,3,0,1,0,1,3,1
Rwanda,Africa (excl MENA),475,1993-08-04,SubComp,FrAg,0,18,6,0,0,0,2,0,0,13,0,0,0,0,,3,0,0,0,0,,0,0,,0,0,0,,0,0,,0,0,,8,1,,,,,,45.3,,4,,,,,,1,1,0,0,0.13,0.00,0.43,1,0.801,0.826,0,0,0,0,0,0,0,0,0,0,2,0,0,0,0,1,1,0,0,0,0,0,0,0,0,0,0,0,0,0,0,0,0,0,0,0,0,0,0,0,0,0,0,1,0,0
Sierra Leone,Africa (excl MENA),476,1996-11-30,SubComp,FrAg,0,7,0,1,1,0.142857143,3,0,0,0,0,,0,0,,0,0,,0,0,,0,0,,0,0,0,,4,1,0.25,0,0,0,14,2,,,,,,36.8,,,,,,,,1,1,1,1,0.10,0.25,0.38,1,0.849,0.82,0,0,0,1,2,1,0,0,1,0,0,2,1,0,1,1,3,0,0,1,1,3,1,1,1,0,0,1,0,1,0,0,1,0,0,0,0,0,0,3,0,0,0,2,1,0
Sierra Leone,Africa (excl MENA),478,1999-07-07,SubComp,FrAg,1,17,4,1,1,0.058823529,2,0,0,8,1,0.125,0,0,,7,0,0,0,0,,0,0,,0,0,0,,0,0,,0,0,0,56,6,,,,,,36.8,,5,,,,,,1,1,1,1,0.51,0.49,0.70,1,0.85,0.8365,1,1,0,1,1,0,0,0,0,0,2,2,0,1,1,1,1,0,1,1,1,3,1,1,1,0,0,1,0,1,0,0,1,0,0,0,0,0,0,1,0,2,1,1,1,0
Ireland/United Kingdom/Northern Ireland,Europe and Eurasia,556,1998-04-10,SubComp,FrAg,1,14,0,1,3,0.214285714,14,3,0.214285714,0,0,,0,0,,0,0,,0,0,,0,0,,0,0,0,,0,0,,2,0.142857143,0.666666667,172,2,,0.2165,0.9645,12.65,8.1,49.7,,,,,2.566331199,,,0,0,0,1,0.00,0.00,0.00,NA,,,0,0,1,1,0,0,0,0,0,1,3,2,0,0,3,1,3,0,0,1,1,3,1,0,0,1,0,0,0,0,0,0,0,0,0,0,0,0,1,3,1,2,0,1,3,0
Somalia,Africa (excl MENA),590,2004-01-29,SubComp,FrAg,1,NA,NA,NA,NA,NA,NA,NA,NA,NA,NA,NA,NA,NA,NA,NA,NA,NA,NA,NA,NA,NA,NA,NA,NA,NA,NA,NA,NA,NA,NA,NA,NA,NA,18,34,,,,,,,,1,,0,,,,0,0,0,1,0.15,0.05,0.20,NA,,,0,0,1,1,3,1,3,0,2,0,3,1,0,0,2,1,2,1,1,1,1,3,1,1,1,1,1,1,1,1,0,1,1,1,1,1,1,1,1,0,0,0,2,2,1,1
Israel/Jordan/(Palestine),Middle East and North Africa,594,1994-10-26,SubComp,FrAg,0,7,0,0,0,0,4,0,0,1,0,0,2,0,0,0,0,,0,0,,0,0,,0,0,0,,0,0,,0,0,,171,176,,,0.962,,,49.75,7.4,1,,,,,,0,1,0,1,NA,NA,NA,NA,,,0,0,0,1,0,0,0,0,0,0,0,0,0,1,1,1,0,0,1,0,1,3,1,0,0,0,0,0,1,1,0,0,0,1,0,0,1,0,1,0,0,0,0,0,3,1
Bosnia and Herzegovina/Yugoslavia (former),Europe and Eurasia,606,1993-05-02,SubComp,FrAg,1,5,0,0,0,0,3,0,0,2,0,0,0,0,,0,0,,0,0,,0,0,,0,0,0,,0,0,,0,0,,573,231,,,,,,,,7,,,,,,1,0,1,0,0.50,0.13,0.25,1,,,0,0,0,1,0,0,2,0,0,0,3,3,0,0,0,1,3,0,0,1,1,3,0,0,0,0,0,0,0,0,0,0,0,0,0,0,0,0,1,3,1,0,0,0,3,1
Bosnia and Herzegovina/Yugoslavia (former),Europe and Eurasia,608,1994-03-01,SubComp,FrAg,1,3,0,0,0,0,3,0,0,0,0,,0,0,,0,0,,0,0,,0,0,,0,0,0,,0,0,,0,0,,441,64,,,,,,,,6,,,,,,0,0,0,1,0.33,0.13,0.17,1,,,0,0,0,0,2,1,0,0,0,1,3,1,0,0,1,1,1,0,0,0,1,3,1,0,1,1,0,0,0,0,0,0,0,1,1,0,0,0,1,3,1,0,0,0,1,1
Djibouti,Africa (excl MENA),624,2001-05-12,SubComp,FrAg,0,2,0,0,0,0,2,0,0,0,0,,0,0,,0,0,,0,0,,0,0,,0,0,0,,0,0,,0,0,,4,15,,,,,,38.1,,,,,,,,0,0,0,0,0.26,0.18,NA,0,,,0,0,0,1,2,1,0,0,0,0,0,0,1,0,2,1,3,0,0,1,0,3,1,0,0,1,0,0,0,0,0,1,0,0,0,0,0,0,1,0,0,3,1,1,3,0
Ecuador/Peru,Americas,626,1998-10-26,SubComp,FrAg,0,2,0,0,0,0,2,0,0,0,0,,0,0,,0,0,,0,0,,0,0,,0,0,0,,0,0,,0,0,,6,2,,0.5705,,7.25,-7.4,49.1,,,,,2.649050372,2.591246903,2.584589615,0,0,0,1,0.00,0.13,0.00,NA,0.903,0.855,0,0,0,0,0,0,0,0,0,0,0,0,0,0,0,1,0,0,0,1,1,0,0,0,0,0,0,0,0,0,0,0,0,0,0,0,0,0,0,0,0,0,0,1,1,0
Mali/Azawad,Africa (excl MENA),637,1992-04-11,SubComp,FrAg,1,10,7,0,0,0,3,0,0,0,0,,0,0,,7,0,0,0,0,,0,0,,0,0,0,,0,0,,0,0,,0,1,,,,,,30.9,,,,,,,,0,1,0,0,0.00,0.17,NA,0,0.903,0.855,0,0,1,1,1,0,0,0,0,0,0,2,2,0,2,1,0,0,0,0,1,1,0,0,0,0,0,0,0,0,0,0,0,0,0,0,0,0,1,0,0,3,2,2,3,0
Democratic Republic of Congo/Rwanda/(African Great Lakes),Africa (excl MENA),675,2007-11-09,SubComp,FrAg,0,6,0,1,1,0.166666667,2,0,0,3,1,0.333333333,0,0,,1,0,0,0,0,,0,0,,0,0,0,,0,0,,0,0,0,3,25,,0.5745,1.738,27.75,-11.35,41.1,6.8,2,1,0,,3.092728486,3.203601108,1,1,0,1,0.33,0.20,0.22,NA,0.903,0.855,0,0,0,1,0,0,0,0,0,0,0,0,0,0,0,1,0,1,0,0,0,3,0,0,0,0,0,0,0,0,0,0,0,0,0,0,0,0,0,0,0,0,0,0,0,0
Burundi,Africa (excl MENA),702,2006-06-18,SubComp,FrAg,1,8,0,0,0,0,2,0,0,5,0,0,0,0,,1,0,0,0,0,,0,0,,0,0,0,,0,0,,0,0,,7,14,,0.567,0.852,31.7,-3.7,42.6,,,11,0,,,,1,0,1,0,0.44,0.28,0.47,1,,,1,1,0,1,0,0,0,0,1,0,0,0,0,0,0,1,1,0,0,0,0,0,0,0,0,0,0,0,0,0,0,0,0,0,0,0,0,0,0,0,0,0,0,2,1,0
Democratic Republic of Congo,Africa (excl MENA),722,2009-03-23,SubComp,FrAg,1,4,0,0,0,0,2,0,0,0,0,,0,0,,2,0,0,0,0,,0,0,,0,0,0,,0,0,,0,0,,46,84,,0.654,0.813,10.2,-19.7,35.8,,8,12,0,,,,1,0,1,1,0.38,0.22,0.26,1,0.807,0.75,1,1,0,0,3,1,0,0,0,0,0,1,1,0,0,1,0,0,0,0,0,1,1,0,0,0,0,0,0,0,0,0,0,0,0,0,0,0,1,0,0,1,1,2,2,1
Libya,Middle East and North Africa,728,2011-08-03,SubComp,FrCons,1,16,0,1,1,0.0625,16,1,0.0625,0,0,,0,0,,0,0,,0,0,,0,0,,0,0,0,,0,0,,0,0,0,138,11,,0.287,0.976,7.7,13.6,52.9,,5,1,0,3.524212506,4.018823529,3.356083086,0,0,0,0,1.00,1.00,0.33,NA,0.807,0.75,0,1,1,1,1,0,1,2,2,0,3,2,0,0,2,1,1,0,1,0,0,0,1,0,0,0,0,0,1,1,0,1,0,1,1,1,1,1,0,0,0,0,0,0,1,0
Somalia,Africa (excl MENA),745,2011-09-06,SubComp,FrAg,1,16,3,0,0,0,4,0,0,7,0,0,0,0,,1,0,0,0,0,,1,0,0,0,0,0,,3,0,0,0,0,,23,15,,,,,,31.5,,3,2,0,,,,1,1,0,1,0.17,0.12,0.25,NA,,,0,0,0,1,1,0,0,0,0,1,2,2,1,0,0,1,0,1,0,0,1,0,0,0,0,0,0,0,0,0,0,0,0,0,0,0,0,0,1,0,1,0,0,1,1,0
Madagascar,Africa (excl MENA),836,2009-08-09,SubComp,FrCons,0,8,0,0,0,0,4,0,0,4,0,0,0,0,,0,0,,0,0,,0,0,,0,0,0,,0,0,,0,0,,1,2,0.6732,,0.943,,,48.5,,,1,0,,,2.973254086,1,0,0,1,NA,NA,NA,NA,0.807,0.75,0,0,0,1,0,0,0,0,0,0,3,2,0,0,0,1,2,0,0,0,0,2,1,0,0,0,0,0,0,0,0,0,0,0,0,0,0,0,0,0,1,0,2,3,2,0
Sudan/Darfur,Africa (excl MENA),853,2011-05-31,SubComp,FrAg,1,20,20,0,0,0,1,0,0,19,0,0,0,0,,0,0,,0,0,,0,0,,0,0,0,,0,0,,0,0,,28,19,,0.609,0.657,24.1,-5.9,47.2,10.9,8,6,0,,3.304674457,3.353923205,1,1,1,1,0.26,0.13,0.16,0,,,1,1,1,1,3,1,1,2,2,1,3,1,3,1,3,1,3,1,1,1,1,3,1,1,1,1,0,1,1,1,0,0,1,1,1,1,1,1,1,3,1,3,3,3,3,1
Democratic Republic of Congo,Africa (excl MENA),893,2006-11-29,SubComp,FrAg,0,5,0,0,0,0,4,0,0,0,0,,0,0,,1,0,0,0,0,,0,0,,0,0,0,,0,0,,0,0,,93,41,,0.654,0.813,10.2,-19.7,37.7,,7,3,0,,,,1,0,1,0,0.31,0.19,0.22,NA,,,0,0,0,1,2,1,0,0,0,0,0,0,0,0,0,0,0,0,1,0,0,0,0,0,0,0,0,0,0,0,0,0,0,0,0,0,0,0,0,0,0,0,0,0,0,0
South Sudan,Africa (excl MENA),906,2015-01-21,SubComp,FrAg,1,11,0,0,0,0,3,0,0,6,0,0,0,0,,2,0,0,0,0,,0,0,,0,0,0,,0,0,,0,0,,34,43,,,0.839,,,34.5,,7,13,1,,,,0,1,0,1,0.48,0.57,0.30,0,,,0,0,0,0,2,1,2,0,0,0,3,1,0,0,1,1,2,0,0,0,0,0,0,0,0,0,0,0,0,0,0,0,0,0,0,0,0,0,0,0,0,0,1,1,1,0
Sri Lanka,Asia and Pacific,1007,2000-08-03,SubComp,FrCons,1,211,1,1,13,0.061611374,2,0,0,0,0,,209,13,0.062200957,0,0,,0,0,,0,0,,0,0,0,,0,0,,0,0,0,64,26,,0.474,0.929,5.3,-4.3,51.1,,,,,,,,0,0,0,0,0.08,0.05,0.02,NA,0.838,0.82,0,0,1,1,3,1,2,2,2,1,3,3,3,1,3,1,3,0,0,0,0,3,1,1,1,0,1,1,1,1,0,1,0,1,1,1,1,0,1,2,1,0,1,0,3,1
Sudan,Africa (excl MENA),1060,2005-06-18,SubComp,FrAg,1,5,0,0,0,0,2,0,0,0,0,,2,0,0,1,0,0,0,0,,0,0,,0,0,0,,0,0,,0,0,,110,83,,0.664,0.804,13.6,-6.8,47.6,10.9,7,5,0,,,,0,0,0,1,0.26,0.13,0.16,NA,0.81,0.79,1,1,0,1,0,0,0,0,0,0,3,2,1,1,3,1,3,0,0,0,0,3,1,0,0,0,0,0,0,1,0,0,0,0,0,0,0,0,1,2,0,0,2,1,3,0
Chad/Sudan,Africa (excl MENA),1066,2006-02-08,SubComp,FrAg,0,6,0,0,0,0,2,0,0,0,0,,0,0,,4,0,0,0,0,,0,0,,0,0,0,,0,0,,0,0,,81,8,0.525,0.664,0.765,13.6,-6.8,42.25,10.9,2,1,0,,,,0,1,0,1,NA,NA,NA,NA,0.784,0.757,0,0,0,0,0,0,0,0,0,0,0,0,0,0,0,0,0,0,0,0,0,3,0,0,0,0,0,0,0,0,0,0,0,0,0,0,0,0,0,0,0,0,0,1,0,0
South Sudan,Africa (excl MENA),1186,2014-08-25,SubComp,,1,11,0,0,0,0,2,0,0,3,0,0,0,0,,6,0,0,0,0,,0,0,,0,0,0,,0,0,,0,0,,43,27,,,,,,33.5,,7,13,0,,,,0,0,1,0,0.41,0.59,0.24,0,0.784,0.757,0,0,0,1,2,1,0,0,0,0,2,2,0,1,0,1,0,0,0,0,0,0,0,0,0,0,0,0,0,0,0,0,0,0,0,0,0,0,0,0,0,2,0,2,1,0
Ethiopia,Africa (excl MENA),1300,1991-07-22,SubComp,FrAg,0,1,0,0,0,0,0,0,,0,0,,0,0,,1,0,0,0,0,,0,0,,0,0,0,,0,0,,0,0,,33,29,,,,,,42.9,,,,,,,,0,0,0,0,NA,NA,NA,NA,0.711,,0,0,0,1,0,0,0,0,0,0,3,1,0,0,1,1,3,0,0,0,0,3,1,0,0,0,0,0,0,1,1,0,0,1,0,1,0,0,0,0,0,2,0,1,2,0
Democratic Republic of Congo,Africa (excl MENA),1303,2003-04-01,SubComp,FrCons,1,72,68,0,0,0,68,0,0,4,0,0,0,0,,0,0,,0,0,,0,0,,0,0,0,,0,0,,0,0,,31,54,,,,,,37.7,,2,2,,,,,1,1,0,1,0.35,0.20,0.24,NA,0.769,0.731,0,0,1,1,3,1,2,0,2,0,3,1,1,0,1,1,3,1,1,1,1,1,1,1,1,1,1,1,1,1,0,1,1,1,1,1,1,1,0,1,1,0,0,2,1,1
Nepal,Asia and Pacific,1322,2007-01-15,SubComp,FrCons,1,3,0,0,0,0,0,0,,1,0,0,2,0,0,0,0,,0,0,,0,0,,0,0,0,,0,0,,0,0,,24,132,0.558,0.647,0.834,6.4,-21.1,46.2,,,,0,,,,1,0,0,1,0.42,0.29,0.27,1,0.737,0.725,1,1,1,1,3,1,3,3,3,0,3,3,1,0,3,1,3,1,1,1,1,3,1,1,1,1,1,1,1,1,1,1,1,1,1,1,1,1,1,1,1,1,2,2,3,1
Comoros/Anjouan,Africa (excl MENA),1334,2001-12-23,SubComp,FrCons,1,NA,NA,NA,NA,NA,NA,NA,NA,NA,NA,NA,NA,NA,NA,NA,NA,NA,NA,NA,NA,NA,NA,NA,NA,NA,NA,NA,NA,NA,NA,NA,NA,NA,1,3,,,0.839,,,44.3,,,,,,,,0,0,0,0,0.10,0.00,NA,NA,0.974,0.9655,0,0,0,1,2,1,0,0,0,1,3,2,0,0,1,1,2,0,0,0,0,1,1,0,0,0,0,1,1,1,0,1,1,1,1,0,1,1,0,0,0,0,0,0,1,0
Angola/Cabinda ,Africa (excl MENA),1336,2006-08-01,SubComp,FrAg,1,5,3,0,0,0,2,0,0,3,0,0,0,0,,0,0,,0,0,,0,0,,0,0,0,,0,0,,0,0,,22,2,0.604,,,,,45.7,,,,0,,,,0,0,0,1,0.07,0.11,0.03,NA,0.879,,0,0,1,1,1,0,0,0,0,0,3,2,1,1,0,1,0,1,0,0,1,1,0,0,0,0,0,0,0,0,0,0,0,1,0,0,1,1,1,0,0,0,0,3,1,1
Zimbabwe,Africa (excl MENA),1340,2013-03-19,SubComp,FrCons,1,NA,NA,1,NA,0.22,1,0,0,0,0,,NA,0,NA,0,0,,0,0,,0,0,,0,NA,0,,0,0,,NA,NA,NA,9,5,0.6574,0.551,0.934,35.1,-13.6,49.6,,,,0,2.769179453,2.707221065,2.804485295,0,0,0,0,NA,NA,NA,NA,0.935,,1,1,1,0,3,1,3,0,2,1,3,3,3,1,3,1,3,0,0,0,0,3,1,1,1,1,1,1,1,1,0,1,1,1,1,1,1,1,1,3,1,2,0,3,3,1
South Sudan,Africa (excl MENA),1357,2015-08-17,SubComp,FrAg,1,30,15,1,1,0.033333333,4,0,0,19,0,0,4,1,0.25,3,0,0,0,0,,0,0,,0,0,0,,0,0,,1,0.033333333,1,34,43,,,,,,34.5,,9,3,1,,,,0,0,1,1,0.48,0.57,0.30,0,0.789,,1,1,1,1,3,1,2,3,0,1,3,3,1,1,2,1,2,1,1,0,1,2,1,0,0,0,0,0,0,0,0,0,0,0,0,0,0,0,1,1,1,2,2,3,2,1
Somalia,Africa (excl MENA),1360,2012-08-01,SubComp,FrCons,1,18,0,0,0,0,18,0,0,0,0,,0,0,,0,0,,0,0,,0,0,,0,0,0,,0,0,,1,0.055555556,,28,23,,,,,,31.5,,3,2,0,,,,0,0,0,1,0.19,0.11,0.23,NA,0.965,0.943,0,0,1,1,3,1,3,2,2,0,3,2,3,1,3,1,2,1,1,1,1,0,1,1,1,0,1,1,1,1,0,0,1,1,0,0,0,1,1,3,1,0,0,2,1,1
Nepal,Asia and Pacific,1361,2015-09-20,SubComp,FrCons,1,22,0,1,3,0.136363636,0,0,,0,0,,22,3,0.136363636,0,0,,0,0,,0,0,,0,0,0,,0,0,,0,0,0,25,7,0.658,0.493,0.908,29.5,-17.1,50.6,,,,1,,,,0,0,0,1,0.34,0.22,0.20,1,0.976,0.965,1,1,1,1,3,1,3,3,3,1,3,3,3,1,3,1,3,0,1,1,1,3,1,1,1,1,1,1,1,1,0,1,1,1,1,1,1,1,1,3,1,2,3,1,3,1
Mali/Azawad,Africa (excl MENA),1365,2015-06-20,SubComp,FrAg,1,29,0,1,6,0.206896552,7,0,0,4,3,0.75,0,0,,18,3,0.166666667,0,0,,0,0,,0,0,0,,0,0,,0,0,0,41,11,0.599,0.681,0.811,8.8,-8.8,43.6,37.7,1,10,1,,2.689166667,3.001666667,0,0,1,0,0.06,0.05,0.05,0,0.919,,0,0,0,1,3,1,0,0,0,0,2,2,2,1,0,1,2,1,1,0,0,0,1,0,0,0,0,1,0,0,0,0,0,0,0,0,0,0,1,0,1,1,0,3,3,0
Libya,Middle East and North Africa,1370,2015-12-17,SubComp,FrCons,1,8,8,0,0,0,3,0,0,0,0,,0,0,,0,0,,0,0,,0,0,,0,0,0,,5,0,0,1,0.125,,121,30,,0.256,0.964,16,21.4,52.9,,5,11,0,3.524212506,4.018823529,3.356083086,0,0,1,1,0.16,0.21,0.05,NA,0.919,0.907,0,0,0,1,1,0,1,0,0,0,3,2,1,1,2,1,1,1,1,1,1,2,1,0,0,0,0,1,1,0,0,0,0,0,0,0,0,0,1,1,1,0,1,2,3,0
Bahrain,Middle East and North Africa,1415,2011-07-28,SubComp,FrAg,1,NA,NA,NA,NA,NA,NA,NA,NA,NA,NA,NA,NA,NA,NA,NA,NA,NA,NA,NA,NA,NA,NA,NA,NA,NA,NA,NA,NA,NA,NA,NA,0.05,NA,37,5,0.6232,0.221,0.971,18.8,1.3,49.3,,,,0,,,,0,0,0,0,NA,NA,NA,NA,0.899,,0,0,0,1,3,1,0,0,0,1,0,1,0,0,3,1,1,0,1,0,1,2,1,0,0,0,0,0,0,1,0,0,0,0,0,0,0,0,0,0,0,0,0,2,1,0
Burundi,Africa (excl MENA),1419,2003-11-21,SubComp,FrCons,0,4,0,0,0,0,4,0,0,0,0,,0,0,,0,0,,0,0,,0,0,,0,0,0,,0,0,,0,0,,12,17,,0.624,0.834,14.4,-3.2,43.5,,,8,,,,,0,0,0,0,0.29,0.29,0.52,NA,0.899,,0,0,0,0,0,0,0,0,0,0,0,0,0,0,0,0,0,0,0,0,0,0,0,0,0,0,0,0,0,0,0,0,0,0,0,0,0,0,0,0,0,0,0,1,0,0
Burundi,Africa (excl MENA),1421,2005-03-18,SubComp,FrCons,1,NA,NA,NA,NA,NA,NA,NA,NA,NA,NA,NA,NA,NA,NA,NA,NA,NA,NA,NA,NA,NA,NA,NA,NA,NA,NA,NA,NA,NA,NA,NA,0.3,NA,14,6,,0.567,0.852,31.7,-3.7,42.5,,4,1,0,,,,0,0,0,0,0.44,0.30,0.50,NA,0.849,0.852,1,1,1,0,3,1,0,0,2,1,3,3,3,0,3,1,3,1,1,1,1,3,1,1,1,0,1,1,1,1,0,1,1,1,1,1,1,1,0,3,1,0,0,3,3,0
Iraq,Middle East and North Africa,1422,2004-03-08,SubComp,FrCons,1,25,0,1,3,0.12,25,3,0.12,0,0,,0,0,,0,0,,0,0,,0,0,,0,0,0,,0,0,,0,0,0,403,997,,0.664,0.713,7.6,-22.3,38.9,,2,9,0,3.543722944,4.440714908,2.773073666,0,0,1,0,0.00,0.25,0.13,1,0.82,0.845,0,0,0,1,0,0,2,0,2,0,3,3,0,1,0,1,1,0,0,1,0,2,1,1,1,0,1,1,1,1,0,1,0,1,1,0,1,1,0,3,1,0,2,0,1,1
Burundi,Africa (excl MENA),1425,2001-10-28,SubComp,FrCons,1,2,0,0,0,0,2,0,0,0,0,,0,0,,0,0,,0,0,,0,0,,0,0,0,,0,0,,0,0,,34,38,,0.624,0.834,14.4,-3.2,38.8,,2,2,,,,,0,0,1,1,0.13,0.16,0.38,NA,0.713,,1,1,1,1,3,1,0,3,1,0,3,3,1,0,3,1,3,1,1,1,1,3,1,1,1,0,0,1,1,1,0,1,1,1,1,1,1,1,0,0,1,3,0,3,3,1
Nigeria/Plateau State,Africa (excl MENA),1536,2014-12-14,SubComp,FrAg,1,20,1,1,3,0.15,11,1,0.090909091,2,0,0,0,0,,7,2,0.285714286,0,0,,0,0,,0,0,0,,0,0,,2,0.1,0.666666667,13,16,0.6391,,0.87,,,46.3,22.5,,3,1,3.464468448,3.46918865,3.05712218,0,0,0,0,NA,NA,NA,NA,0.845,0.867,0,0,0,1,1,0,0,0,0,0,0,0,0,0,0,0,0,0,0,0,0,0,0,0,0,0,0,0,0,0,0,0,0,0,0,0,0,0,0,0,0,0,1,0,0,1
Central African Republic,Africa (excl MENA),1659,2013-07-18,SubComp,FrCons,1,NA,NA,NA,NA,NA,NA,NA,NA,NA,NA,NA,NA,NA,NA,NA,NA,NA,NA,NA,NA,NA,NA,NA,NA,NA,NA,NA,NA,NA,NA,NA,NA,NA,25,5,,0.678,0.769,12.5,-17,34.4,,3,7,0,,,,0,0,1,1,0.50,0.29,0.16,NA,0.797,,1,1,1,0,3,1,1,0,0,0,3,2,2,0,1,1,2,1,1,1,1,3,1,1,1,1,0,1,1,1,0,1,1,1,1,1,1,1,0,1,1,0,0,1,1,1
South Sudan/Sudan/Southern Kordofan - Blue Nile - Abyei,Africa (excl MENA),1673,2010-01-25,SubComp,FrAg,1,13,0,0,0,0,11,0,0,2,0,0,0,0,,0,0,,0,0,,0,0,,0,0,0,,0,0,,0,0,,33,49,,0.616,0.8265,24.2,-6.1,45.8,10.9,3,1,0,,,,0,1,0,1,NA,NA,NA,NA,0.852,0.815,1,1,1,1,1,0,0,0,0,0,0,0,0,0,0,0,0,0,1,0,0,0,0,0,0,0,0,0,0,0,0,0,0,1,0,0,0,0,1,0,0,0,0,0,1,0
South Sudan,Africa (excl MENA),1675,2014-05-09,SubComp,FrAg,1,6,0,0,0,0,2,0,0,0,0,,0,0,,4,0,0,0,0,,0,0,,0,0,0,,0,0,,0,0,,43,27,,,0.839,,,33.5,,9,3,0,,,,0,0,0,1,0.41,0.59,0.24,NA,0.863,0.826,0,0,0,1,2,1,0,0,0,1,0,0,1,0,1,1,0,0,0,0,0,0,0,0,0,0,0,0,0,0,0,0,0,0,0,0,0,0,0,0,0,0,0,1,2,0
India/Darjeeling,Asia and Pacific,1716,2011-07-18,SubComp,FrAg,1,5,0,1,1,0.2,3,0,0,2,1,0.5,0,0,,0,0,,0,0,,0,0,,0,0,0,,0,0,,0,0,0,70,70,0.619,0.585,0.786,10.9,-19.4,46,,,,0,3.29744973,3.290093183,2.234733894,0,0,0,1,NA,NA,NA,NA,0.934,0.902,0,0,1,0,2,1,0,0,0,1,0,1,2,1,0,0,0,0,0,0,1,0,0,0,0,0,0,0,0,0,0,0,0,0,0,0,0,0,1,0,0,0,0,0,1,1
India/Darjeeling,Asia and Pacific,1717,2005-12-06,SubComp,FrAg,0,5,0,0,0,0,3,0,0,2,0,0,0,0,,0,0,,0,0,,0,0,,0,0,0,,0,0,,0,0,,179,83,,0.624,0.761,9.3,-23.6,43,,,2,0,,3.336,2.99296394,0,0,0,1,NA,NA,NA,NA,0.813,0.798,0,0,0,0,2,1,0,3,0,1,3,2,1,1,0,0,0,0,1,0,0,0,0,0,0,0,0,0,0,0,0,0,0,0,0,0,0,0,0,0,0,0,0,0,1,1
South Sudan/Sudan,Africa (excl MENA),1800,2005-07-06,SubComp,FrCons,1,2,0,0,0,0,2,0,0,0,0,,0,0,,0,0,,0,0,,0,0,,0,0,0,,0,0,,0,0,,110,83, ,0.664,0.804,13.6,-6.8,47.6,10.9,8,5,0,,,,0,0,0,1,0.26,0.13,0.16,NA,0.859,0.86,0,0,1,1,3,1,3,0,0,0,3,3,3,1,3,1,3,0,1,1,1,3,1,1,1,1,1,1,1,1,0,1,1,1,1,1,1,1,1,3,1,2,1,1,3,1
India/Mizoram,Asia and Pacific,1836,2005-04-26,SubComp,FrAg,0,2,0,0,0,0,2,0,0,0,0,,0,0,,0,0,,0,0,,0,0,,0,0,0,,0,0,,0,0,,179,83,,0.624,0.761,9.3,-23.6,43,,,,0,,3.336,2.99296394,0,0,0,0,NA,NA,NA,NA,0.862,0.867,0,0,1,0,0,0,0,0,0,0,0,1,0,0,0,0,0,0,0,0,0,0,0,0,0,0,0,0,0,0,0,0,0,0,0,0,0,0,0,0,0,0,0,0,1,0
India/Mizoram,Asia and Pacific,1837,1994-07-27,SubComp,FrAg,0,2,0,0,0,0,2,0,0,0,0,,0,0,,0,0,,0,0,,0,0,,0,0,0,,0,0,,0,0,,21,49,,,,,,37.3,,,,,3.0296,,2.498710232,0,0,0,0,NA,NA,NA,NA,0.85,0.852,0,0,0,0,0,0,0,0,0,1,0,0,0,0,0,0,0,0,0,0,1,0,0,0,0,0,0,0,0,0,0,0,0,0,0,0,0,0,0,0,0,0,0,0,1,0
Colombia,Americas,1845,2016-11-24,SubComp,FrAg,1,6,4,0,0,0,2,0,0,4,0,0,0,0,,0,0,,0,0,,0,0,,0,0,0,,0,0,,0,0,,41,21,0.727,0.431,0.989,20.9,2.1,50.5,17.4,2,2,0,2.574172185,2.402786994,1.986859396,0,0,1,1,0.31,0.09,0.06,1,0.859,0.85,1,1,1,1,3,1,3,3,2,1,3,2,3,0,3,1,3,0,0,0,1,3,1,1,0,0,0,1,1,1,1,0,1,1,1,1,0,1,1,2,1,3,3,3,3,1
Ethiopia/Somalia/Ogaden/Puntland,Africa (excl MENA),1853,2007-05-06,SubComp,FrAg,0,13,6,0,0,0,2,0,0,0,0,,2,0,0,0,0,,0,0,,0,0,,0,0,0,,9,0,0,0,0,,50,71,0.599,0.622,0.766,21,-3,35.75,16.3,,,0,,2.180415828,3.61517976,0,0,0,1,NA,NA,NA,NA,,,0,0,1,0,0,0,0,0,0,0,0,0,0,0,0,0,0,0,0,0,0,0,0,0,0,0,0,0,0,0,0,0,0,0,0,0,0,0,1,0,0,0,3,0,0,0
Ethiopia/Somalia/Ogaden/Puntland,Africa (excl MENA),1854,2007-05-07,SubComp,FrAg,0,75,0,0,0,0,45,0,0,11,0,0,0,0,,15,0,0,0,0,,0,0,,0,0,0,,4,0,0,0,0,,50,71,0.599,0.622,0.766,21,-3,35.75,16.3,1,,0,,2.180415828,3.61517976,0,0,0,1,NA,NA,NA,NA,0.759,0.725,0,0,0,1,0,0,0,0,0,0,0,0,0,0,0,0,0,0,0,0,0,0,0,0,0,0,0,0,0,0,0,0,0,0,0,0,0,0,1,0,0,0,0,0,0,1
Ethiopia/Somalia/Ogaden/Puntland,Africa (excl MENA),1855,1997-05-15,SubComp,FrAg,0,NA,NA,NA,NA,NA,NA,NA,NA,NA,NA,NA,NA,NA,NA,NA,NA,NA,NA,NA,NA,NA,NA,NA,NA,NA,NA,NA,NA,NA,NA,NA,NA,NA,2,7,,,,,,43,,1,,,,,,0,0,0,1,0.10,0.08,0.20,NA,0.782,0.749,0,0,0,0,0,0,0,0,0,0,0,0,0,0,0,0,0,0,0,0,0,0,0,0,0,0,0,0,0,0,0,0,0,0,0,0,0,0,1,0,0,0,0,0,0,1
Ethiopia/Somalia/Ogaden/Puntland,Africa (excl MENA),1856,2007-03-10,SubComp,FrAg,1,2,0,0,0,0,2,0,0,0,0,,0,0,,0,0,,0,0,,0,0,,0,0,0,,0,0,,0,0,,50,71,0.599,0.622,0.766,21,-3,35.75,16.3,1,,0,,2.180415828,3.61517976,0,0,0,1,0.14,0.09,0.17,0,,,0,0,1,0,0,0,0,0,0,0,0,0,0,0,0,0,0,0,0,0,0,0,0,0,0,0,0,0,0,0,0,0,0,0,0,0,0,0,1,0,0,0,3,0,0,1
Somalia,Africa (excl MENA),1858,2007-01-15,SubComp,FrAg,0,71,11,1,4,0.056338028,30,1,0.033333333,0,0,,34,3,0.088235294,1,0,0,0,0,,0,0,,0,0,0,,6,0,0,0,0,0,85,151,,,,,,31.5,,6,5,0,,,,0,0,0,1,0.14,0.09,0.17,NA,,,0,0,0,0,0,0,0,0,0,0,0,0,0,0,0,0,0,0,0,0,0,0,0,0,0,0,0,0,0,0,0,0,0,0,0,0,0,0,1,0,0,0,3,0,0,1
Somalia,Africa (excl MENA),1859,2007-02-18,SubComp,FrAg,0,231,0,1,40,0.173160173,0,0,,21,0,0,134,0,0,26,0,0,10,5,0.5,0,0,,40,0.173160173,35,0.875,0,0,,40,0.173160173,1,85,151,,,,,,31.5,,6,7,0,,,,0,0,0,1,0.14,0.09,0.17,NA,,,0,0,0,0,0,0,0,0,0,0,0,0,0,0,0,0,0,0,0,0,0,0,0,0,0,0,0,0,0,0,0,0,0,0,0,0,0,0,1,0,1,0,1,1,0,1
Syria,Middle East and North Africa,1865,2013-02-18,SubComp,FrAg,0,2,2,0,0,0,2,0,0,0,0,,0,0,,0,0,,0,0,,0,0,,0,0,0,,0,0,,0,0,,295,264,0.5661,0.505,0.848,12,-9.2,48.6,,,1,0,,,,0,0,0,1,1.33,1.00,0.50,1,,,0,0,0,0,0,0,0,0,0,0,0,0,0,0,0,0,0,0,0,0,0,0,0,0,0,0,0,0,0,0,0,0,0,0,0,0,0,0,0,0,0,0,0,0,0,0
France/Germany/Russia/United Kingdom/United States of America,Cross-regional,1887,1990-09-12,SubComp,FrAg,0,6,2,0,0,0,6,0,0,0,0,,0,0,,0,0,,0,0,,0,0,,0,0,0,,0,0,,0,0,,8,6,,,,,,50.05,,,,,2.706844435,,2.968721775,0,0,0,0,NA,NA,NA,NA,,,0,0,0,0,0,0,0,0,0,0,0,0,0,0,1,0,0,0,0,0,0,2,0,0,0,0,0,0,0,0,0,0,0,0,0,0,0,0,0,0,0,0,0,0,0,0
Nigeria,Africa (excl MENA),1911,2017-01-06,SubComp,FrAg,0,7,3,0,0,0,7,0,0,0,0,,0,0,,0,0,,0,0,,0,0,,0,0,0,,0,0,,0,0,,16,18,0.641,,0.873,,,46.6,31.5,,,1,3.26612662,3.35022148,2.729064039,0,0,0,1,NA,NA,NA,NA,,,0,0,0,0,2,0,0,0,0,0,0,0,0,0,0,0,0,0,0,0,0,0,0,0,0,0,0,0,0,0,0,0,0,0,0,0,0,0,1,0,0,0,0,0,0,0
Democratic Republic of Congo,Africa (excl MENA),1913,2016-12-31,SubComp,FrAg,1,34,0,1,3,0.088235294,16,2,0.125,16,1,0.0625,0,0,,2,0,0,0,0,,0,0,,0,0,0,,0,0,,0,0,0,16,19,,0.638,0.841,8.2,-29.1,38.8,27.1,2,4,0,,,,0,0,1,1,0.40,0.26,0.29,NA,0.966,,0,0,0,1,2,1,2,0,0,0,0,3,1,0,2,1,2,0,0,0,0,0,0,0,0,0,0,0,0,0,0,0,0,0,0,0,0,0,0,0,0,1,0,1,1,0
Guinea,Africa (excl MENA),1915,2016-10-12,SubComp,FrAg,0,13,0,1,1,0.076923077,5,0,0,8,1,0.125,0,0,,0,0,,0,0,,0,0,,0,0,0,,0,0,,0,0,0,0,7,0.64,,0.816,,,39.1,34.3,,,0,3.00838223,2.388097234,,0,0,0,1,0.29,0.14,0.21,0,0.855,0.833,0,0,0,0,0,0,0,0,0,0,0,3,1,0,0,1,1,0,0,0,0,0,1,0,0,0,0,0,1,1,1,0,0,0,0,0,0,0,0,0,0,2,2,0,0,0
Nigeria,Africa (excl MENA),1921,2016-03-23,SubComp,FrAg,1,235,1,1,65,0.276595745,191,32,0.167539267,7,1,0.142857143,0,0,,7,3,0.428571429,0,0,,0,0,,30,0.127659574,29,0.966666667,0,0,,30,0.127659574,0.461538462,49,26,0.643,,0.872,,,46.6,31.5,,1,1,3.292859225,3.38950558,2.96374269,0,0,0,0,NA,NA,NA,NA,0.841,,0,0,0,1,2,1,0,0,0,0,0,0,2,0,0,1,0,0,0,0,1,0,0,0,0,0,0,0,0,0,0,0,0,1,0,0,0,1,1,0,0,0,0,1,2,1
Madagascar,Africa (excl MENA),2048,2002-04-18,SubComp,FrAg,0,8,0,0,0,0,4,0,0,0,0,,0,0,,4,0,0,0,0,,0,0,,0,0,0,,0,0,,0,0,,14,0,,,0.941,,,48.5,,,1,,,,,1,1,0,1,NA ,NA ,NA ,NA,0.855,0.833,0,0,0,0,0,0,0,0,0,0,0,3,0,0,0,0,0,0,0,0,0,0,0,0,0,0,0,0,0,0,0,0,0,0,0,0,0,0,0,0,0,0,0,0,0,0
Madagascar,Africa (excl MENA),2049,2002-06-09,SubComp,FrAg,0,9,0,0,0,0,2,0,0,0,0,,0,0,,7,0,0,0,0,,0,0,,0,0,0,,0,0,,0,0,,14,0,,,0.941,,,48.5,,,,,,,,1,1,0,1,NA ,NA ,NA ,NA,0.841,,0,0,0,0,0,0,0,0,0,0,0,3,0,0,0,0,0,0,0,0,0,0,0,0,0,0,0,0,0,0,0,0,0,0,0,0,0,0,0,0,0,0,0,2,0,0
Eritrea/Ethiopia,Africa (excl MENA),2097,2018-07-09,SubComp,FrAg,0,2,0,0,0,0,2,0,0,0,0,,0,0,,0,0,,0,0,,0,0,,0,0,0,,0,0,,0,0,,14,0,0.656,0.519,0.846,37.3,-10.6,47.6,12.5,,1,0,2.988608625,2.757723577,2.129934211,0,0,0,0,0.07,0.04,0.00,NA,0.851,0.841,0,0,0,0,0,0,0,0,0,0,0,0,0,0,0,0,0,0,0,0,0,0,0,0,0,0,0,0,0,0,0,0,0,0,0,0,0,0,0,0,0,0,0,0,1,0
Eritrea/Ethiopia,Africa (excl MENA),2098,2018-09-16,SubComp,FrAg,0,2,0,0,0,0,2,0,0,0,0,,0,0,,0,0,,0,0,,0,0,,0,0,0,,0,0,,0,0,,14,0,0.656,0.519,0.846,37.3,-10.6,47.6,12.5,,1,0,2.988608625,2.757723577,2.129934211,0,0,0,1,0.07,0.04,0.00,NA,0.851,0.841,0,0,0,0,0,0,0,0,0,0,0,0,0,0,0,0,0,0,0,0,0,0,0,0,0,0,0,0,0,0,0,0,0,0,0,0,0,0,0,0,0,0,0,0,2,0
Eritrea/Somalia,Africa (excl MENA),2100,2018-07-30,SubComp,FrAg,0,2,0,0,0,0,2,0,0,0,0,,0,0,,0,0,,0,0,,0,0,,0,0,0,,0,0,,0,0,,0,0,,,,,,31.5,,,,0,,,,0,0,0,0,0.07,0.04,0.00,NA,0.844,0.851,0,0,0,0,0,0,0,0,0,0,0,0,0,0,0,0,0,0,0,0,0,0,0,0,0,0,0,0,0,0,0,0,0,0,0,0,0,0,0,0,0,0,0,0,0,0
South Sudan,Africa (excl MENA),2112,2018-09-12,SubComp,FrAg,1,46,11,1,6,0.130434783,10,0,0,17,0,0,17,6,0.352941176,2,0,0,0,0,,0,0,,0,0,0,,0,0,,3,0.065217391,0.5,12,18,,,0.841,,,34.5,,11,7,1,,,,0,0,1,1,1.00,0.83,0.59,0,0.841,0.804,0,1,1,1,3,1,0,2,0,1,1,3,2,1,1,1,1,1,1,0,0,2,1,0,0,0,0,0,1,0,0,0,0,1,1,0,0,0,1,1,1,2,3,2,3,1
Central African Republic,Africa (excl MENA),2147,2019-02-05,SubComp,FrAg,1,26,8,1,1,0.038461538,15,1,0.066666667,2,0,0,0,0,,9,0,0,0,0,,0,0,,0,0,0,,0,0,,0,0,0,6,5,,0.68,0.801,8.6,-17.9,40.1,,4,1,0,,,,1,1,1,1,0.62,0.28,0.41,NA,0.841,0.804,0,0,0,1,3,1,0,1,0,0,0,2,3,0,3,1,3,0,0,0,0,2,1,0,0,0,0,0,0,0,0,0,0,0,0,0,0,0,0,0,0,2,2,3,2,0
Mali,Africa (excl MENA),2177,2018-08-28,SubComp,FrAg,0,35,0,1,1,0.028571429,33,1,0.03030303,2,0,0,0,0,,0,0,,0,0,,0,0,,0,0,0,,0,0,,0,0,0,6,6,0.582,0.675,0.81,8.8,-9,44.5,36,2,9,0,3.119166667,2.4625,,0,0,0,1,NA,NA,NA,NA,0.838,0.847,0,0,0,0,2,1,0,0,0,0,0,0,0,0,0,0,0,0,0,0,0,0,0,0,0,0,0,0,0,0,0,0,0,0,0,0,0,0,1,0,0,0,1,2,1,0
Central African Republic,Africa (excl MENA),2189,2018-05-03,SubComp,FrAg,0,23,1,1,1,0.043478261,5,1,0.2,16,0,0,0,0,,2,0,0,0,0,,0,0,,0,0,0,,0,0,,0,0,0,5,7,,0.68,0.8,8.6,-16.6,40.1,,3,9,0,,,,0,0,0,0,0.62,0.29,0.44,NA,0.947,0.932,0,0,0,0,0,0,0,0,0,0,0,0,0,0,0,0,0,1,1,0,0,0,0,0,0,0,0,0,0,0,0,0,0,0,0,0,0,0,0,0,0,0,0,0,0,0
Central African Republic,Africa (excl MENA),2195,2018-04-09,SubComp,FrAg,1,13,0,1,1,0.076923077,13,1,0.076923077,0,0,,0,0,,0,0,,0,0,,0,0,,0,0,0,,0,0,,1,0.076923077,1,5,7,,0.68,0.8,8.6,-16.6,40.1,,4,9,0,,,,1,0,1,0,0.62,0.29,0.44,NA,0.841,0.804,0,0,0,1,2,1,0,0,0,0,0,0,0,0,0,0,0,0,0,0,0,0,0,0,0,0,0,0,0,0,0,0,0,0,0,0,0,0,0,0,0,2,0,0,1,0
Central African Republic,Africa (excl MENA),2197,2016-02-11,SubComp,FrAg,1,14,0,1,3,0.214285714,13,3,0.230769231,0,0,,0,0,,1,0,0,0,0,,0,0,,0,0,0,,0,0,,2,0.142857143,0.666666667,33,21,,0.694,0.793,7.2,-17.7,39.3,,3,2,1,,,,0,0,1,1,0.57,0.27,0.32,1,0.873,0.865,0,0,0,1,2,1,0,0,0,0,0,0,1,0,2,0,0,0,0,0,0,0,0,0,0,0,0,0,0,0,0,0,0,1,0,0,0,0,0,0,0,1,0,1,1,0
Yemen,Middle East and North Africa,2227,2019-04-07,SubComp,FrAg,0,48,8,0,0,0,41,0,0,0,0,,0,0,,0,0,,0,0,,0,0,,0,0,0,,7,0,0,0,0,,53,49,0.499,0.795,0.488,1,-17,41.2,10.7,,5,1,,,,0,0,0,0,0.09,0.03,0.00,NA,0.847,0.812,0,1,1,0,1,0,0,0,0,0,0,0,0,0,0,0,0,0,0,0,0,0,0,0,0,0,0,0,0,0,0,0,0,0,0,0,0,0,0,0,0,3,3,1,0,0
South Sudan,Africa (excl MENA),2286,2016-04-02,SubComp,FrAg,1,7,1,1,1,0.142857143,2,0,0,1,0,0,3,1,0.333333333,1,0,0,0,0,,0,0,,0,0,0,,0,0,,1,0.142857143,1,40,34,,,0.839,,,34.5,,11,3,1,,,,1,0,1,0,0.68,0.68,0.36,NA,0.843,0.837,0,0,0,1,2,1,0,0,0,0,0,0,0,0,1,1,1,0,0,0,0,0,1,0,1,0,0,0,0,0,0,0,0,0,0,0,0,0,0,0,0,0,0,2,0,0
Mali,Africa (excl MENA),2293,2019-08-16,SubComp,FrAg,0,8,3,0,0,0,5,0,0,0,0,,0,0,,3,0,0,0,0,,0,0,,0,0,0,,0,0,,0,0,,8,6,0.582,0.671,0.821,9.5,-9,44.5,36,2,7,1,3.119166667,2.4625,,0,0,0,1,NA,NA,NA,NA,0.847,0.812,0,0,0,1,0,0,0,0,0,0,0,0,0,0,0,0,0,0,0,0,0,0,0,0,0,0,0,0,0,0,0,0,0,0,0,0,0,0,0,0,0,0,0,0,1,1
South Sudan,Africa (excl MENA),2310,2020-03-06,SubComp,FrAg,1,26,0,1,6,0.230769231,23,6,0.260869565,2,0,0,0,0,,1,0,0,0,0,,0,0,,0,0,0,,0,0,,1,0.038461538,0.166666667,20,16,,,0.842,,,34.5,,10,2,1,,,,0,0,0,1,1.10,0.81,0.58,NA,0.869,0.812,0,0,0,0,2,1,0,0,0,0,0,0,0,0,0,0,0,0,0,0,0,0,0,0,0,0,0,0,0,0,0,0,0,0,0,0,0,0,0,0,1,0,0,0,1,0
Sudan,Africa (excl MENA),2325,2020-10-03,SubComp,FrAg,1,28,9,0,0,0,14,0,0,10,0,0,0,0,,0,0,,0,0,,1,0,0,0,0,0,,3,0,0,0,0,,45,33,,0.545,0.86,27.5,-4.1,49.7,10.9,10,2,1,3.155833333,3.016666667,,1,1,1,1,0.26,0.13,0.16,1,0.5,0.595,1,1,1,1,3,1,2,3,3,0,3,1,2,1,2,1,1,1,1,1,1,2,1,0,0,1,0,0,1,0,0,0,1,1,0,0,1,1,1,1,1,3,3,2,3,1
Central African Republic,Africa (excl MENA),2371,2020-11-10,SubComp,FrAg,1,30,0,1,2,0.066666667,30,2,0.066666667,0,0,,0,0,,0,0,,0,0,,0,0,,0,0,0,,0,0,,2,0.066666667,1,10,6,,0.68,0.801,8.6,-17.9,40.1,,3,4,0,,,,0,0,0,0,NA ,NA ,NA ,NA ,0.945,0.892,0,0,0,0,0,0,0,0,0,0,0,0,0,0,0,1,0,0,0,0,0,0,0,0,0,0,0,0,0,0,0,0,0,0,0,0,0,0,0,0,0,0,0,1,0,0